{"cameraMode":{"drawMode":0,"name":"Shaded","section":"Shading Mode"},"sceneLighting":false,"audioPlay":false,"sceneViewState":{"showFog":true,"showMaterialUpdate":true,"showSkybox":false,"showFlares":true,"showImageEffects":true,"showParticleSystems":true},"in2DMode":false,"pivot":{"x":775.33447265625,"y":1437.843505859375,"z":-15.125},"rotation":{"x":0.010498324409127236,"y":-0.01710033416748047,"z":0.00017952287453226745,"w":0.9997987747192383},"size":76.56201934814453,"orthographic":true}